{
    "1": [
        "第一题第一空内容",
        "第一题第二空内容",
        "第一题第三空内容",
        "第一题第四空内容"
    ],
    "2": "第二题填空内容",
    "3": ["第三题第一空内容", "第三题第二空内容", "第三题第三空内容"],
    "4": ["第四题第一空内容", "第四题第二空内容", "第四题第三空内容"],
    "5": ["第五题第一空内容", "第五题第二空内容", "第五题第三空内容"],
    "6": "第六题填空内容",
    "7": [
        "第七题第一空内容",
        "第七题第二空内容",
        "第七题第三空内容",
        "第七题第四空内容",
        "第七题第五空内容"
    ],
    "8": [
        "第八题第一空内容",
        "第八题第二空内容",
        "第八题第三空内容"
    ]
}